{
    "a": [
        0.011413795942937309
    ],
    "a-b covariance": -3.327078310759081e-05,
    "b": [
        27.306738500414543
    ],
    "b-c covariance": 0.0,
    "c": [],
    "c-a covariance": 0.0,
    "chi_square": [
        65.99809846473634
    ],
    "dof": [
        84.0
    ],
    "err_a": [
        0.0010625898164993985
    ],
    "err_b": [
        0.037746721041108225
    ],
    "err_c": [],
    "pearson": [
        -0.9826915605125099
    ],
    "sigma_post": [
        0.04321146099443043
    ],
    "t_student": [
        -48.61836315835261
    ]
}
