{
    "a": [
        0.010383964877829457
    ],
    "a-b covariance": -2.745448628645476e-08,
    "b": [
        -0.036554496638865196
    ],
    "b-c covariance": 0.0,
    "c": [],
    "c-a covariance": 0.0,
    "chi_square": [
        99.87877522048527
    ],
    "dof": [
        84.0
    ],
    "err_a": [
        0.0007906716005998091
    ],
    "err_b": [
        4.337139237608426e-05
    ],
    "err_c": [],
    "pearson": [
        -0.9999420894698177
    ],
    "sigma_post": [
        0.005029652222465926
    ],
    "t_student": [
        -851.5830554584123
    ]
}
