{
    "a": [
        0.01038726694325775
    ],
    "a-b covariance": -2.7342513135054125e-08,
    "b": [
        -0.036555747160190846
    ],
    "b-c covariance": 0.0,
    "c": [],
    "c-a covariance": 0.0,
    "chi_square": [
        100.00073478914946
    ],
    "dof": [
        84.0
    ],
    "err_a": [
        0.0007900402118249539
    ],
    "err_b": [
        4.325037107672739e-05
    ],
    "err_c": [],
    "pearson": [
        -0.9826915605125099
    ],
    "sigma_post": [
        0.04321146099443043
    ],
    "t_student": [
        -48.61836315835261
    ]
}
