{
    "a": [
        626125.9288229463
    ],
    "a-b covariance": -0.00023351733875350377,
    "b": [
        -205280.13934648447
    ],
    "b-c covariance": -6.296012167989147e-06,
    "c": [
        16837.17437863208
    ],
    "c-a covariance": -3.7782516960146876e-05,
    "chi_square": [
        0.0809451081538024
    ],
    "dof": [
        78.0
    ],
    "err_a": [
        0.053176608284433644
    ],
    "err_b": [
        0.008763715072393862
    ],
    "err_c": [
        0.0014337284359705231
    ],
    "pearson": [
        -0.6389687250538661
    ],
    "sigma_post": [
        1329.692992150838
    ],
    "t_student": [
        -26.241407574261782
    ]
}
