{
    "a": [
        14856.6360708052
    ],
    "a-b covariance": -2.2060627915693863e-06,
    "b": [
        -4982.734459048929
    ],
    "b-c covariance": -6.178393506862263e-08,
    "c": [
        419.58756416799736
    ],
    "c-a covariance": -3.501690674784116e-07,
    "chi_square": [
        0.0026537789893266123
    ],
    "dof": [
        148.0
    ],
    "err_a": [
        0.005071954415445171
    ],
    "err_b": [
        0.0008599429027350148
    ],
    "err_c": [
        0.0001420466252471278
    ],
    "pearson": [
        0.36652396880295884
    ],
    "sigma_post": [
        31.11422012802904
    ],
    "t_student": [
        12.444972200404392
    ]
}
