{
    "a": [
        483411.2581419169
    ],
    "a-b covariance": -0.00012272760148325003,
    "b": [
        -161346.29870372528
    ],
    "b-c covariance": -3.4317859256214477e-06,
    "c": [
        13470.90905169339
    ],
    "c-a covariance": -2.0211227246554226e-05,
    "chi_square": [
        0.04177318021688386
    ],
    "dof": [
        78.0
    ],
    "err_a": [
        0.03819579476655925
    ],
    "err_b": [
        0.00641147192386577
    ],
    "err_c": [
        0.0010680542775687843
    ],
    "pearson": [
        -0.013418058231288358
    ],
    "sigma_post": [
        999.7593360897257
    ],
    "t_student": [
        -0.4239298940435943
    ]
}
