{
    "a": [
        25752.597173149843
    ],
    "a-b covariance": -6.538462399796364e-06,
    "b": [
        -8630.399164192486
    ],
    "b-c covariance": -1.8311895461752834e-07,
    "c": [
        723.9196984523292
    ],
    "c-a covariance": -1.0378522097225134e-06,
    "chi_square": [
        0.007865430520720479
    ],
    "dof": [
        148.0
    ],
    "err_a": [
        0.00873180876538656
    ],
    "err_b": [
        0.0014804661791671609
    ],
    "err_c": [
        0.0002445455631152317
    ],
    "pearson": [
        0.20862668670376666
    ],
    "sigma_post": [
        53.67124791176664
    ],
    "t_student": [
        6.739044767791487
    ]
}
