{
    "a": [
        0.7940075380364806
    ],
    "a-b covariance": -3.6594571482569215e-06,
    "b": [
        -0.048778731861681905
    ],
    "b-c covariance": 0.0,
    "c": [],
    "c-a covariance": 0.0,
    "chi_square": [
        25.586269465458752
    ],
    "dof": [
        18.0
    ],
    "err_a": [
        0.004888966390653141
    ],
    "err_b": [
        0.0007532095061172203
    ],
    "err_c": [],
    "pearson": [
        -0.9955342712144408
    ],
    "sigma_post": [
        0.003288104975310443
    ],
    "t_student": [
        -44.74213465023602
    ]
}
