{
    "a": [
        0.3926338478718422
    ],
    "a-b covariance": -0.00016482776519338924,
    "b": [
        0.05133956910752481
    ],
    "b-c covariance": 0.0,
    "c": [],
    "c-a covariance": 0.0,
    "chi_square": [
        0.8368803174225015
    ],
    "dof": [
        18.0
    ],
    "err_a": [
        0.031938538410391036
    ],
    "err_b": [
        0.005190275095213731
    ],
    "err_c": [],
    "pearson": [
        0.9957343389546952
    ],
    "sigma_post": [
        0.0032943156105812595
    ],
    "t_student": [
        45.786263216582455
    ]
}
