{
    "a": [
        6.102009828583607
    ],
    "a-b covariance": 0.0,
    "b": [],
    "b-c covariance": 0.0,
    "c": [],
    "c-a covariance": 0.0,
    "chi_square": [
        0.05279840724694321
    ],
    "dof": [
        599.0
    ],
    "err_a": [
        0.023098827194842898
    ],
    "err_b": [],
    "err_c": [],
    "pearson": [],
    "sigma_post": [],
    "t_student": []
}
