{
    "a": [
        6.031408619797265
    ],
    "a-b covariance": 0.0,
    "b": [],
    "b-c covariance": 0.0,
    "c": [],
    "c-a covariance": 0.0,
    "chi_square": [
        0.005261809118364752
    ],
    "dof": [
        299.0
    ],
    "err_a": [
        0.011171293535593966
    ],
    "err_b": [],
    "err_c": [],
    "pearson": [],
    "sigma_post": [],
    "t_student": []
}
