{
    "a": [
        6.095956485767766
    ],
    "a-b covariance": 0.0,
    "b": [],
    "b-c covariance": 0.0,
    "c": [],
    "c-a covariance": 0.0,
    "chi_square": [
        428.09123867945885
    ],
    "dof": [
        42.0
    ],
    "err_a": [
        0.007719673503452986
    ],
    "err_b": [],
    "err_c": [],
    "pearson": [],
    "sigma_post": [],
    "t_student": []
}
