{
    "a": [
        5.985061655104886
    ],
    "a-b covariance": 0.0,
    "b": [],
    "b-c covariance": 0.0,
    "c": [],
    "c-a covariance": 0.0,
    "chi_square": [
        0.008354977552478432
    ],
    "dof": [
        299.0
    ],
    "err_a": [
        0.01239317136739139
    ],
    "err_b": [],
    "err_c": [],
    "pearson": [],
    "sigma_post": [],
    "t_student": []
}
