{
    "a": [
        5.988629527552465
    ],
    "a-b covariance": 0.0,
    "b": [],
    "b-c covariance": 0.0,
    "c": [],
    "c-a covariance": 0.0,
    "chi_square": [
        284.48763719577545
    ],
    "dof": [
        29.0
    ],
    "err_a": [
        0.008634790093461913
    ],
    "err_b": [],
    "err_c": [],
    "pearson": [],
    "sigma_post": [],
    "t_student": []
}
