{
    "a": [
        0.13802484815418667
    ],
    "a-b covariance": -1.0525706604278316e-06,
    "b": [
        0.05875270407285163
    ],
    "b-c covariance": 0.0,
    "c": [],
    "c-a covariance": 0.0,
    "chi_square": [
        88.00666879108815
    ],
    "dof": [
        22.0
    ],
    "err_a": [
        0.0024149982995950764
    ],
    "err_b": [
        0.00044558997310449117
    ],
    "err_c": [],
    "pearson": [
        0.995597131566306
    ],
    "sigma_post": [
        0.005244438057026991
    ],
    "t_student": [
        49.81850463960717
    ]
}
