{
    "a": [
        1.0580898467178015
    ],
    "a-b covariance": -7.13403116357559e-05,
    "b": [
        -0.05786899356407939
    ],
    "b-c covariance": 0.0,
    "c": [],
    "c-a covariance": 0.0,
    "chi_square": [
        2.04102795194381
    ],
    "dof": [
        22.0
    ],
    "err_a": [
        0.020992839194099916
    ],
    "err_b": [
        0.0034363895086525474
    ],
    "err_c": [],
    "pearson": [
        -0.996335420563189
    ],
    "sigma_post": [
        0.004797962866010156
    ],
    "t_student": [
        -54.63715587658578
    ]
}
