{
    "a": [
        0.0051604272306665115
    ],
    "a-b covariance": -5.074099033832336e-08,
    "b": [
        -0.037093157631509194
    ],
    "b-c covariance": 0.0,
    "c": [],
    "c-a covariance": 0.0,
    "chi_square": [
        59.6362766302873
    ],
    "dof": [
        69.0
    ],
    "err_a": [
        0.0012485138995031073
    ],
    "err_b": [
        5.3655336151105954e-05
    ],
    "err_c": [],
    "pearson": [
        -0.9998764980487707
    ],
    "sigma_post": [
        0.014675180514859495
    ],
    "t_student": [
        -528.4846868645293
    ]
}
