{
    "a": [
        0.005245468952883291
    ],
    "a-b covariance": -3.663215834052637e-05,
    "b": [
        26.954513280065264
    ],
    "b-c covariance": 0.0,
    "c": [],
    "c-a covariance": 0.0,
    "chi_square": [
        60.316328817360315
    ],
    "dof": [
        69.0
    ],
    "err_a": [
        0.0012477492500710928
    ],
    "err_b": [
        0.038784268174369294
    ],
    "err_c": [],
    "pearson": [
        -0.9380075689769304
    ],
    "sigma_post": [
        0.10217177601834704
    ],
    "t_student": [
        -22.479353661112977
    ]
}
