{
    "a": [
        0.005245436215429867
    ],
    "a-b covariance": -5.0420843349323506e-08,
    "b": [
        -0.037099538556201725
    ],
    "b-c covariance": 0.0,
    "c": [],
    "c-a covariance": 0.0,
    "chi_square": [
        60.31632881705233
    ],
    "dof": [
        69.0
    ],
    "err_a": [
        0.0012477609764011272
    ],
    "err_b": [
        5.3382191698077644e-05
    ],
    "err_c": [],
    "pearson": [
        -0.9380075689769304
    ],
    "sigma_post": [
        0.10217177601834704
    ],
    "t_student": [
        -22.479353661112977
    ]
}
