{
    "a": [],
    "a-b covariance": 0.0,
    "b": [
        0.14403868023668503
    ],
    "b-c covariance": 0.0,
    "c": [],
    "c-a covariance": 0.0,
    "chi_square": [
        8.33884135564187
    ],
    "err_a": [],
    "err_b": [
        3.73660607732552e-05
    ],
    "err_c": [],
    "pearson": [
        0.9999997042025291
    ],
    "sigma_post": [
        0.0003503320221939665
    ],
    "t_student": [
        3184.661684733068
    ]
}
