{
    "a": [
        -0.00011283600116472373
    ],
    "a-b covariance": 1.1291341190750842e-12,
    "b": [
        0.14403866930923015
    ],
    "b-c covariance": 0.0,
    "c": [],
    "c-a covariance": 0.0,
    "chi_square": [
        7.246845071495005
    ],
    "err_a": [
        0.00010797845431572163
    ],
    "err_b": [
        3.736606223647388e-05
    ],
    "err_c": [],
    "pearson": [
        0.9999997042025291
    ],
    "sigma_post": [
        0.0003503320221939665
    ],
    "t_student": [
        3184.661684733068
    ]
}
