{
    "a": [],
    "a-b covariance": 0.0,
    "b": [
        0.1526781198913639
    ],
    "b-c covariance": 0.0,
    "c": [],
    "c-a covariance": 0.0,
    "chi_square": [
        17.13480439349067
    ],
    "err_a": [],
    "err_b": [
        3.649913474714652e-05
    ],
    "err_c": [],
    "pearson": [
        0.9999996209774968
    ],
    "sigma_post": [
        0.0004203549918481251
    ],
    "t_student": [
        2813.377476045684
    ]
}
