{
    "a": [
        -0.00022434171346659228
    ],
    "a-b covariance": 2.434654964624236e-12,
    "b": [
        0.15267807160415006
    ],
    "b-c covariance": 0.0,
    "c": [],
    "c-a covariance": 0.0,
    "chi_square": [
        12.68537053634235
    ],
    "err_a": [
        0.00010635493708015183
    ],
    "err_b": [
        3.649914346656486e-05
    ],
    "err_c": [],
    "pearson": [
        0.9999996209774968
    ],
    "sigma_post": [
        0.0004203549918481251
    ],
    "t_student": [
        2813.377476045684
    ]
}
