{
    "a": [
        18.18685410282015
    ],
    "a-b covariance": 7.738528768984514e-05,
    "a-d covariance": 0.0,
    "b": [
        0.000990913570530972
    ],
    "b-c covariance": -4.171867583931557e-14,
    "b-d covariance": 0.0,
    "c": [
        9.803426078565453e-09
    ],
    "c-a covariance": -7.655466757267987e-10,
    "c-d covariance": 0.0,
    "chi_square": [
        0.04567679160090371
    ],
    "d": [],
    "dof": [
        49.0
    ],
    "err_a": [
        1.2107240174781444
    ],
    "err_b": [
        6.49378989761372e-05
    ],
    "err_c": [
        6.424499586168183e-10
    ],
    "err_d": [],
    "pearson": [
        0.7928494544042485
    ],
    "sigma_post": [
        0.5427330223111549
    ],
    "t_student": [
        9.199427082521506
    ]
}
