{
    "a": [
        0.9982493183084538
    ],
    "a-b covariance": 0.0007747487151977451,
    "a-d covariance": 6.268719283760068e-15,
    "b": [
        18.259627961438067
    ],
    "b-c covariance": 0.00028275336307049967,
    "b-d covariance": -2.7543089378639037e-09,
    "c": [
        0.0009983468538870873
    ],
    "c-a covariance": -3.479706710319301e-10,
    "c-d covariance": -1.5060001421821147e-13,
    "chi_square": [
        13.129398224749398
    ],
    "d": [
        9.725000120397215e-09
    ],
    "dof": [
        48.0
    ],
    "err_a": [
        0.005728600698723729
    ],
    "err_b": [
        2.2797209443023676
    ],
    "err_c": [
        0.00012433981991365303
    ],
    "err_d": [
        1.2112054737901547e-09
    ],
    "pearson": [],
    "sigma_post": [],
    "t_student": []
}
