{
    "a": [
        9721.355092046782
    ],
    "a-b covariance": 7.080151748744331,
    "a-d covariance": 1.957472410591882e-10,
    "b": [
        25.05358521358248
    ],
    "b-c covariance": 0.00025639693308577205,
    "b-d covariance": -3.013855391233576e-09,
    "c": [
        0.0009070147380260006
    ],
    "c-a covariance": -1.5030529031384997e-05,
    "c-d covariance": -1.0913790867860305e-13,
    "chi_square": [
        253.30177542837114
    ],
    "d": [
        1.0661975605435424e-08
    ],
    "dof": [
        55.0
    ],
    "err_a": [
        48.27160202971342
    ],
    "err_b": [
        2.6675954590215882
    ],
    "err_c": [
        9.635662866686327e-05
    ],
    "err_d": [
        1.1326729527374832e-09
    ],
    "pearson": [],
    "sigma_post": [],
    "t_student": []
}
