{
    "a": [
        28.42795013136157
    ],
    "a-b covariance": 2.9993971017680546e-10,
    "a-d covariance": 0.0,
    "b": [
        0.0009857984271417087
    ],
    "b-c covariance": -9.914145759190801e-20,
    "b-d covariance": 0.0,
    "c": [
        9.836708353857709e-09
    ],
    "c-a covariance": -2.718396398453594e-15,
    "c-d covariance": 0.0,
    "chi_square": [
        51529.24488645061
    ],
    "d": [],
    "dof": [
        39.0
    ],
    "err_a": [
        0.021799192481326765
    ],
    "err_b": [
        9.978424771188141e-08
    ],
    "err_c": [
        9.956970763771794e-13
    ],
    "err_d": [],
    "pearson": [
        0.8625452371667808
    ],
    "sigma_post": [
        0.544873444218291
    ],
    "t_student": [
        10.781484574089557
    ]
}
