{
    "a": [
        -96.66404941675816
    ],
    "a-b covariance": -4.3729290636928635e-09,
    "a-d covariance": 0.0,
    "b": [
        0.0037915928797424146
    ],
    "b-c covariance": -1.6690415168622854e-18,
    "b-d covariance": 0.0,
    "c": [
        -3.7044822336295666e-08
    ],
    "c-a covariance": -7.066210415016924e-14,
    "c-d covariance": 0.0,
    "chi_square": [
        4.9658742441829276
    ],
    "d": [],
    "dof": [
        23.0
    ],
    "err_a": [
        0.020240142809192042
    ],
    "err_b": [
        4.1368669209521557e-07
    ],
    "err_c": [
        7.724345783115741e-12
    ],
    "err_d": [],
    "pearson": [
        0.1497563323652411
    ],
    "sigma_post": [
        0.12371440577291275
    ],
    "t_student": [
        1.1435311913041548
    ]
}
