{
    "a": [
        4.580547102040398
    ],
    "a-b covariance": -2.5544523896644028e-05,
    "a-d covariance": 0.0,
    "b": [
        -0.6212976566858623
    ],
    "b-c covariance": 0.0,
    "b-d covariance": 0.0,
    "c": [],
    "c-a covariance": 0.0,
    "c-d covariance": 0.0,
    "chi_square": [
        92.19731041512685
    ],
    "d": [],
    "dof": [
        7.0
    ],
    "err_a": [
        0.010973701541468494
    ],
    "err_b": [
        0.0025972492673940516
    ],
    "err_c": [],
    "err_d": [],
    "pearson": [
        -0.841933833669726
    ],
    "sigma_post": [
        10.318466540432825
    ],
    "t_student": [
        -4.128292965196727
    ]
}
