{
    "a": [
        4.623795315051855
    ],
    "a-b covariance": -8.756567559484913e-06,
    "a-d covariance": 0.0,
    "b": [
        -0.6650460814765302
    ],
    "b-c covariance": 0.0,
    "b-d covariance": 0.0,
    "c": [],
    "c-a covariance": 0.0,
    "c-d covariance": 0.0,
    "chi_square": [
        27.767363148490066
    ],
    "d": [],
    "dof": [
        7.0
    ],
    "err_a": [
        0.005846608395061144
    ],
    "err_b": [
        0.001799872517413644
    ],
    "err_c": [],
    "err_d": [],
    "pearson": [
        0.8328833622575882
    ],
    "sigma_post": [
        14.430037982987994
    ],
    "t_student": [
        3.981584595568843
    ]
}
