{
    "a": [
        4.606476931458275
    ],
    "a-b covariance": -7.5568114901479895e-06,
    "a-d covariance": 0.0,
    "b": [
        -0.6454331943915519
    ],
    "b-c covariance": 0.0,
    "b-d covariance": 0.0,
    "c": [],
    "c-a covariance": 0.0,
    "c-d covariance": 0.0,
    "chi_square": [
        591.0626142881434
    ],
    "d": [],
    "dof": [
        16.0
    ],
    "err_a": [
        0.005680433117863583
    ],
    "err_b": [
        0.0015347854937285503
    ],
    "err_c": [],
    "err_d": [],
    "pearson": [
        -0.8286270689895759
    ],
    "sigma_post": [
        12.03048888507435
    ],
    "t_student": [
        -5.920868603730741
    ]
}
