{
    "a": [
        854173.8190808089
    ],
    "a-b covariance": -63.45192307966217,
    "a-d covariance": 0.0,
    "b": [
        -33351.82119885115
    ],
    "b-c covariance": -0.024180276280997295,
    "b-d covariance": 0.0,
    "c": [
        326.2973860442239
    ],
    "c-a covariance": -0.9151829123321679,
    "c-d covariance": 0.0,
    "chi_square": [
        54.08335633262498
    ],
    "d": [],
    "dof": [
        36.0
    ],
    "err_a": [
        75.23903633554484
    ],
    "err_b": [
        1.5752564306507535
    ],
    "err_c": [
        0.028673477712696394
    ],
    "err_d": [],
    "pearson": [
        -0.34299466012686697
    ],
    "sigma_post": [
        1732.4830276930397
    ],
    "t_student": [
        -2.581967482280978
    ]
}
