{
    "a": [
        -97.60047935742023
    ],
    "a-b covariance": -5.050378113629599e-09,
    "a-d covariance": 0.0,
    "b": [
        0.0038283608260488156
    ],
    "b-c covariance": -1.9393629467120566e-18,
    "b-d covariance": 0.0,
    "c": [
        -3.7405681911435633e-08
    ],
    "c-a covariance": -8.503653344979759e-14,
    "c-d covariance": 0.0,
    "chi_square": [
        4.832406881265115
    ],
    "d": [],
    "dof": [
        20.0
    ],
    "err_a": [
        0.021907355638302706
    ],
    "err_b": [
        4.4524911049222995e-07
    ],
    "err_c": [
        8.412378292560672e-12
    ],
    "err_d": [],
    "pearson": [
        0.1497563323652411
    ],
    "sigma_post": [
        0.12371440577291275
    ],
    "t_student": [
        1.1435311913041548
    ]
}
