{
    "a": [
        -24143.81116707247
    ],
    "a-b covariance": -14.537502921300037,
    "a-d covariance": 0.0,
    "b": [
        979.7520702582426
    ],
    "b-c covariance": -0.005529271137535307,
    "b-d covariance": 0.0,
    "c": [
        -9.586249852033404
    ],
    "c-a covariance": -0.2286013913799831,
    "c-d covariance": 0.0,
    "chi_square": [
        0.7981562563345248
    ],
    "d": [],
    "dof": [
        24.0
    ],
    "err_a": [
        36.718991064042136
    ],
    "err_b": [
        0.7536227719984242
    ],
    "err_c": [
        0.013969259432570534
    ],
    "err_d": [],
    "pearson": [
        0.24008556864987868
    ],
    "sigma_post": [
        276.5096321777345
    ],
    "t_student": [
        1.8672192272232142
    ]
}
