{
    "a": [
        -1267558.5421505864
    ],
    "a-b covariance": -13554.316058457149,
    "a-d covariance": 0.0,
    "b": [
        51557.93133419852
    ],
    "b-c covariance": -5.1431932244754694,
    "b-d covariance": 0.0,
    "c": [
        -510.7260676392377
    ],
    "c-a covariance": -179.18349950940396,
    "c-d covariance": 0.0,
    "chi_square": [
        1.5847086459660937
    ],
    "d": [],
    "dof": [
        36.0
    ],
    "err_a": [
        1081.9160720023133
    ],
    "err_b": [
        22.99918398599046
    ],
    "err_c": [
        0.4103391927198643
    ],
    "err_d": [],
    "pearson": [
        0.2935075629091539
    ],
    "sigma_post": [
        8687.62869085416
    ],
    "t_student": [
        2.1710311451046507
    ]
}
