{
    "a": [
        -8232.756767988161
    ],
    "a-b covariance": -1.0255245508475047e-05,
    "a-d covariance": 0.0,
    "b": [
        0.32332848663297703
    ],
    "b-c covariance": -3.922785105705924e-15,
    "b-d covariance": 0.0,
    "c": [
        -3.167817930687863e-06
    ],
    "c-a covariance": -1.6721132543732072e-10,
    "c-d covariance": 0.0,
    "chi_square": [
        7.6725155387542685
    ],
    "d": [],
    "dof": [
        22.0
    ],
    "err_a": [
        0.981376665002907
    ],
    "err_b": [
        2.004453095718315e-05
    ],
    "err_c": [
        3.753565841475384e-10
    ],
    "err_d": [],
    "pearson": [
        0.2738287565151842
    ],
    "sigma_post": [
        5.555061998788405
    ],
    "t_student": [
        2.0132096739755703
    ]
}
