{
    "a": [
        613593.5914566676
    ],
    "a-b covariance": -128.86250717020798,
    "a-d covariance": 0.0,
    "b": [
        -23864.992250402924
    ],
    "b-c covariance": -0.04905937349639592,
    "b-d covariance": 0.0,
    "c": [
        233.00541491567628
    ],
    "c-a covariance": -2.082673362764784,
    "c-d covariance": 0.0,
    "chi_square": [
        15.634610645025717
    ],
    "d": [],
    "dof": [
        24.0
    ],
    "err_a": [
        109.96383787885499
    ],
    "err_b": [
        2.244262409902066
    ],
    "err_c": [
        0.04187115813710233
    ],
    "err_d": [],
    "pearson": [
        -0.1499488267780813
    ],
    "sigma_post": [
        1684.6118882228525
    ],
    "t_student": [
        -1.1450348558189927
    ]
}
