{
    "a": [
        -5.056339869296451
    ],
    "a-b covariance": -1.0457519569477589e-05,
    "a-d covariance": 0.0,
    "b": [
        19.528235294114438
    ],
    "b-c covariance": 0.0,
    "b-d covariance": 0.0,
    "c": [],
    "c-a covariance": 0.0,
    "c-d covariance": 0.0,
    "chi_square": [
        4151.049019607762
    ],
    "d": [],
    "dof": [
        16.0
    ],
    "err_a": [
        0.008030444178190928
    ],
    "err_b": [
        0.0014837732384691384
    ],
    "err_c": [],
    "err_d": [],
    "pearson": [
        0.9999880180085741
    ],
    "sigma_post": [
        0.26302880132562806
    ],
    "t_student": [
        817.1025925271433
    ]
}
