{
    "a": [
        -5.237222222234841
    ],
    "a-b covariance": -1.99999882535542e-05,
    "a-d covariance": 0.0,
    "b": [
        19.596666666663936
    ],
    "b-c covariance": 0.0,
    "b-d covariance": 0.0,
    "c": [],
    "c-a covariance": 0.0,
    "c-d covariance": 0.0,
    "chi_square": [
        948.3333333331973
    ],
    "d": [],
    "dof": [
        7.0
    ],
    "err_a": [
        0.010937530321656726
    ],
    "err_b": [
        0.002108184555005152
    ],
    "err_c": [],
    "err_d": [],
    "pearson": [
        0.9999945124243991
    ],
    "sigma_post": [
        0.19007099759559634
    ],
    "t_student": [
        798.6232997222252
    ]
}
