{
    "a": [
        -0.5103995621207851
    ],
    "a-b covariance": -7.115489578743798e-05,
    "a-d covariance": 0.0,
    "b": [
        19.54417077175816
    ],
    "b-c covariance": 0.0,
    "b-d covariance": 0.0,
    "c": [],
    "c-a covariance": 0.0,
    "c-d covariance": 0.0,
    "chi_square": [
        12.44170771757096
    ],
    "d": [],
    "dof": [
        7.0
    ],
    "err_a": [
        0.016095862965196852
    ],
    "err_b": [
        0.0052313733868706545
    ],
    "err_c": [],
    "err_d": [],
    "pearson": [
        0.9999996550371083
    ],
    "sigma_post": [
        0.0475327789989737
    ],
    "t_student": [
        3185.280771817825
    ]
}
