{
    "a": [
        -0.4432567049266929
    ],
    "a-b covariance": -5.747126349449646e-05,
    "a-d covariance": 0.0,
    "b": [
        19.52620689653341
    ],
    "b-c covariance": 0.0,
    "b-d covariance": 0.0,
    "c": [],
    "c-a covariance": 0.0,
    "c-d covariance": 0.0,
    "chi_square": [
        26.341609195398636
    ],
    "d": [],
    "dof": [
        7.0
    ],
    "err_a": [
        0.013955777634640152
    ],
    "err_b": [
        0.0052313734384814795
    ],
    "err_c": [],
    "err_d": [],
    "pearson": [
        0.9999984744657621
    ],
    "sigma_post": [
        0.09984909248380255
    ],
    "t_student": [
        1514.6857712933208
    ]
}
