{
    "a": [
        -4.888888888894222
    ],
    "a-b covariance": -2.222223552040074e-05,
    "a-d covariance": 0.0,
    "b": [
        19.469333333332038
    ],
    "b-c covariance": 0.0,
    "b-d covariance": 0.0,
    "c": [],
    "c-a covariance": 0.0,
    "c-d covariance": 0.0,
    "chi_square": [
        278.73333333335773
    ],
    "d": [],
    "dof": [
        7.0
    ],
    "err_a": [
        0.011863423427429656
    ],
    "err_b": [
        0.0021081856685584884
    ],
    "err_c": [],
    "err_d": [],
    "pearson": [
        0.9999983659205485
    ],
    "sigma_post": [
        0.10304568258016716
    ],
    "t_student": [
        1463.514081766817
    ]
}
