{
    "a": [
        -0.47193834219189057
    ],
    "a-b covariance": -3.1430769371104236e-05,
    "a-d covariance": 0.0,
    "b": [
        19.534063597152155
    ],
    "b-c covariance": 0.0,
    "b-d covariance": 0.0,
    "c": [],
    "c-a covariance": 0.0,
    "c-d covariance": 0.0,
    "chi_square": [
        48.778794262211726
    ],
    "d": [],
    "dof": [
        16.0
    ],
    "err_a": [
        0.010530875799823723
    ],
    "err_b": [
        0.0036571567463852014
    ],
    "err_c": [],
    "err_d": [],
    "pearson": [
        0.9999988266688489
    ],
    "sigma_post": [
        0.08234355443088487
    ],
    "t_student": [
        2611.164969666242
    ]
}
