{
    "a": [
        -2.407501613768545
    ],
    "a-b covariance": -7.688582129030327e-06,
    "a-d covariance": 0.0,
    "b": [
        5.416031315524927e-05
    ],
    "b-c covariance": 0.0,
    "b-d covariance": 0.0,
    "c": [],
    "c-a covariance": 0.0,
    "c-d covariance": 0.0,
    "chi_square": [
        0.6944020816498342
    ],
    "d": [],
    "dof": [
        4.0
    ],
    "err_a": [
        0.6134006491411116
    ],
    "err_b": [
        1.2534431685717418e-05
    ],
    "err_c": [],
    "err_d": [],
    "pearson": [
        0.9826849472418449
    ],
    "sigma_post": [
        0.0021483867201441452
    ],
    "t_student": [
        10.607316683008195
    ]
}
