{
    "a": [
        2.905105158468359
    ],
    "a-b covariance": -8.481408803966096e-06,
    "a-d covariance": 0.0,
    "b": [
        -4.9772814205539806e-05
    ],
    "b-c covariance": 0.0,
    "b-d covariance": 0.0,
    "c": [],
    "c-a covariance": 0.0,
    "c-d covariance": 0.0,
    "chi_square": [
        0.21714845369985447
    ],
    "d": [],
    "dof": [
        4.0
    ],
    "err_a": [
        0.6733769187474713
    ],
    "err_b": [
        1.259540011062439e-05
    ],
    "err_c": [],
    "err_d": [],
    "pearson": [
        -0.9933113142364618
    ],
    "sigma_post": [
        0.0012172652636305969
    ],
    "t_student": [
        -17.20510848865651
    ]
}
