{
    "a": [
        4.586494287898445
    ],
    "a-b covariance": -1.5943171288386408e-05,
    "a-d covariance": 0.0,
    "b": [
        -0.6227525919271524
    ],
    "b-c covariance": 0.0,
    "b-d covariance": 0.0,
    "c": [],
    "c-a covariance": 0.0,
    "c-d covariance": 0.0,
    "chi_square": [
        115.23495941551855
    ],
    "d": [],
    "dof": [
        7.0
    ],
    "err_a": [
        0.008492667349560902
    ],
    "err_b": [
        0.0021408055023911365
    ],
    "err_c": [],
    "err_d": [],
    "pearson": [
        -0.9993180127584604
    ],
    "sigma_post": [
        0.06653759818570021
    ],
    "t_student": [
        -71.60175566243828
    ]
}
