{
    "a": [
        -210.47463626747412
    ],
    "a-b covariance": -0.02232498511124524,
    "a-d covariance": 0.0,
    "b": [
        0.00449409777389681
    ],
    "b-c covariance": 0.0,
    "b-d covariance": 0.0,
    "c": [],
    "c-a covariance": 0.0,
    "c-d covariance": 0.0,
    "chi_square": [
        1.0047054539219407
    ],
    "d": [],
    "dof": [
        4.0
    ],
    "err_a": [
        33.32010329021337
    ],
    "err_b": [
        0.0006700194061048233
    ],
    "err_c": [],
    "err_d": [],
    "pearson": [
        0.9881918125298768
    ],
    "sigma_post": [
        0.14627211486443037
    ],
    "t_student": [
        12.898834980483329
    ]
}
