{
    "a": [
        19.92744641014724
    ],
    "a-b covariance": -1.6989648624113115e-05,
    "a-d covariance": 0.0,
    "b": [
        -0.0004239317188053371
    ],
    "b-c covariance": 0.0,
    "b-d covariance": 0.0,
    "c": [],
    "c-a covariance": 0.0,
    "c-d covariance": 0.0,
    "chi_square": [
        0.005178011591172261
    ],
    "d": [],
    "dof": [
        11.0
    ],
    "err_a": [
        0.9432074796934631
    ],
    "err_b": [
        1.8012997939698643e-05
    ],
    "err_c": [],
    "err_d": [],
    "pearson": [
        -0.9902156456603587
    ],
    "sigma_post": [
        0.02169627448364701
    ],
    "t_student": [
        -23.5347707613076
    ]
}
