{
    "a": [
        4.621336788067718
    ],
    "a-b covariance": -1.2936146573597062e-05,
    "a-d covariance": 0.0,
    "b": [
        -0.6639643863877591
    ],
    "b-c covariance": 0.0,
    "b-d covariance": 0.0,
    "c": [],
    "c-a covariance": 0.0,
    "c-d covariance": 0.0,
    "chi_square": [
        24.428818946781487
    ],
    "d": [],
    "dof": [
        7.0
    ],
    "err_a": [
        0.007341186380336893
    ],
    "err_b": [
        0.0020833651621318073
    ],
    "err_c": [],
    "err_d": [],
    "pearson": [
        -0.9996725878514143
    ],
    "sigma_post": [
        0.05011372591375194
    ],
    "t_student": [
        -103.366535858428
    ]
}
