{
    "a": [
        4.597995146818487
    ],
    "a-b covariance": -7.054354743522898e-06,
    "a-d covariance": 0.0,
    "b": [
        -0.6405565454304203
    ],
    "b-c covariance": 0.0,
    "b-d covariance": 0.0,
    "c": [],
    "c-a covariance": 0.0,
    "c-d covariance": 0.0,
    "chi_square": [
        628.2175603302487
    ],
    "d": [],
    "dof": [
        16.0
    ],
    "err_a": [
        0.005540430326660738
    ],
    "err_b": [
        0.0014803069134260445
    ],
    "err_c": [],
    "err_d": [],
    "pearson": [
        -0.9971174714443944
    ],
    "sigma_post": [
        0.13367473488362958
    ],
    "t_student": [
        -52.56754590989747
    ]
}
