{
    "a": [
        18.378804511263297
    ],
    "a-b covariance": -3.5311520993356964e-05,
    "a-d covariance": 0.0,
    "b": [
        -0.00038597021391795217
    ],
    "b-c covariance": 0.0,
    "b-d covariance": 0.0,
    "c": [],
    "c-a covariance": 0.0,
    "c-d covariance": 0.0,
    "chi_square": [
        0.0004968455189632776
    ],
    "d": [],
    "dof": [
        4.0
    ],
    "err_a": [
        1.3254315792681148
    ],
    "err_b": [
        2.6641683814041322e-05
    ],
    "err_c": [],
    "err_d": [],
    "pearson": [
        -0.9906049591408094
    ],
    "sigma_post": [
        0.01114501589572235
    ],
    "t_student": [
        -14.487338780299487
    ]
}
