{
    "a": [
        240.43902863292533
    ],
    "a-b covariance": -0.0027905530757448586,
    "a-d covariance": 0.0,
    "b": [
        -0.004346446871665299
    ],
    "b-c covariance": 0.0,
    "b-d covariance": 0.0,
    "c": [],
    "c-a covariance": 0.0,
    "c-d covariance": 0.0,
    "chi_square": [
        2.577874950816028
    ],
    "d": [],
    "dof": [
        11.0
    ],
    "err_a": [
        12.096809216576286
    ],
    "err_b": [
        0.00023068948054830412
    ],
    "err_c": [],
    "err_d": [],
    "pearson": [
        -0.9966804883877739
    ],
    "sigma_post": [
        0.130966310343614
    ],
    "t_student": [
        -40.60326109347792
    ]
}
