{
    "a": [
        0.9982512009091958
    ],
    "a-b covariance": -0.04749779316409035,
    "a-d covariance": 0.0,
    "b": [
        320933.09299984056
    ],
    "b-c covariance": -17.342517839886135,
    "b-d covariance": 0.0,
    "c": [
        -9144.962584260746
    ],
    "c-a covariance": -0.391259285669641,
    "c-d covariance": 0.0,
    "chi_square": [
        13.129398132377421
    ],
    "d": [],
    "dof": [
        49.0
    ],
    "err_a": [
        0.005728938065094003
    ],
    "err_b": [
        74.85182347753413
    ],
    "err_c": [
        80.57902157060254
    ],
    "err_d": [],
    "pearson": [
        0.2738287565151842
    ],
    "sigma_post": [
        5.555061998788405
    ],
    "t_student": [
        2.0132096739755703
    ]
}
