{
    "a": [
        -19.20833960439638
    ],
    "a-b covariance": -2.2306014648838287e-05,
    "a-d covariance": 0.0,
    "b": [
        0.0004026722683227889
    ],
    "b-c covariance": 0.0,
    "b-d covariance": 0.0,
    "c": [],
    "c-a covariance": 0.0,
    "c-d covariance": 0.0,
    "chi_square": [
        0.0006270767170223138
    ],
    "d": [],
    "dof": [
        5.0
    ],
    "err_a": [
        1.0539722225892751
    ],
    "err_b": [
        2.1163930181791002e-05
    ],
    "err_c": [],
    "err_d": [],
    "pearson": [
        0.7928494544042486
    ],
    "sigma_post": [
        0.5427330223111549
    ],
    "t_student": [
        9.19942708252151
    ]
}
