{
    "a": [
        -11.698957583899023
    ],
    "a-b covariance": -1.7638903195455452e-06,
    "a-d covariance": 0.0,
    "b": [
        0.0002230417306270908
    ],
    "b-c covariance": 0.0,
    "b-d covariance": 0.0,
    "c": [],
    "c-a covariance": 0.0,
    "c-d covariance": 0.0,
    "chi_square": [
        10.831908080858906
    ],
    "d": [],
    "dof": [
        4.0
    ],
    "err_a": [
        0.2938390377716845
    ],
    "err_b": [
        6.002950012003162e-06
    ],
    "err_c": [],
    "err_d": [],
    "pearson": [
        0.8625452371667808
    ],
    "sigma_post": [
        0.544873444218291
    ],
    "t_student": [
        10.781484574089557
    ]
}
