{
    "a": [
        -10.104690344331726
    ],
    "a-b covariance": -2.2964642259007087e-06,
    "a-d covariance": 0.0,
    "b": [
        0.00020393200567548752
    ],
    "b-c covariance": 0.0,
    "b-d covariance": 0.0,
    "c": [],
    "c-a covariance": 0.0,
    "c-d covariance": 0.0,
    "chi_square": [
        3.40319931192517
    ],
    "d": [],
    "dof": [
        4.0
    ],
    "err_a": [
        0.35034948229138485
    ],
    "err_b": [
        6.554814734214211e-06
    ],
    "err_c": [],
    "err_d": [],
    "pearson": [
        0.8625452371667808
    ],
    "sigma_post": [
        0.544873444218291
    ],
    "t_student": [
        10.781484574089557
    ]
}
