{
    "a": [
        -20.55778070913508
    ],
    "a-b covariance": -1.8534805187353965e-08,
    "a-d covariance": 0.0,
    "b": [
        0.00040227536178535336
    ],
    "b-c covariance": 0.0,
    "b-d covariance": 0.0,
    "c": [],
    "c-a covariance": 0.0,
    "c-d covariance": 0.0,
    "chi_square": [
        40903.60395261569
    ],
    "d": [],
    "dof": [
        4.0
    ],
    "err_a": [
        0.0307904132434158
    ],
    "err_b": [
        6.019685780977551e-07
    ],
    "err_c": [],
    "err_d": [],
    "pearson": [
        0.8625452371667808
    ],
    "sigma_post": [
        0.544873444218291
    ],
    "t_student": [
        10.781484574089557
    ]
}
