{
    "a": [
        -23.496495242427514
    ],
    "a-b covariance": -1.0888632203612669e-05,
    "a-d covariance": 0.0,
    "b": [
        0.0004924321854044431
    ],
    "b-c covariance": 0.0,
    "b-d covariance": 0.0,
    "c": [],
    "c-a covariance": 0.0,
    "c-d covariance": 0.0,
    "chi_square": [
        0.0007724227430305927
    ],
    "d": [],
    "dof": [
        7.0
    ],
    "err_a": [
        0.7538420769026734
    ],
    "err_b": [
        1.4444337880647163e-05
    ],
    "err_c": [],
    "err_d": [],
    "pearson": [
        0.7928494544042486
    ],
    "sigma_post": [
        0.5427330223111549
    ],
    "t_student": [
        9.19942708252151
    ]
}
