{
    "a": [
        -26.019866683482682
    ],
    "a-b covariance": -0.0007484468052763085,
    "a-d covariance": 0.0,
    "b": [
        0.0005410520589060677
    ],
    "b-c covariance": 0.0,
    "b-d covariance": 0.0,
    "c": [],
    "c-a covariance": 0.0,
    "c-d covariance": 0.0,
    "chi_square": [
        0.020505104029070728
    ],
    "d": [],
    "dof": [
        5.0
    ],
    "err_a": [
        6.184352642833613
    ],
    "err_b": [
        0.00012102358661712256
    ],
    "err_c": [],
    "err_d": [],
    "pearson": [
        0.7928494544042486
    ],
    "sigma_post": [
        0.5427330223111549
    ],
    "t_student": [
        9.19942708252151
    ]
}
