{
    "delta_phi": [
        1.5533430342749535,
        1.5463617172669757,
        1.5707963267948966,
        1.556833692778942,
        1.509709802975095,
        1.478293876439197,
        1.4521139376592822,
        1.3823007675795091,
        1.233947781159991,
        0.439822971502571,
        0.06405358354819189,
        -0.37873644768276954,
        -0.7173303225696694,
        -0.9093165402890457,
        -1.0559241974565694,
        -1.1397000015522971,
        -1.1903145498601329,
        -1.2531464029319286,
        -1.2915436464758039,
        -1.3177235852557188,
        -1.4608405839192538,
        -1.5079644737231006,
        -1.5027284859671175,
        -1.5219271077390555,
        0.4153883619746504,
        0.37699111843077515,
        0.34033920413889424,
        0.2897246558310587,
        0.2792526803190927,
        0.22863813201125716,
        0.19024088846738194,
        0.14049900478554353,
        0.0895353906273091,
        0.08970992355250852,
        0.05131268000863328,
        0.0,
        -0.02583087292951608,
        -0.07749261878854824,
        -0.12950343049797924,
        -0.16877333866785166,
        -0.24609142453120048,
        -0.2984513020910304,
        -0.3316125578789226,
        -0.37873644768276954,
        -0.41887902047863906,
        -0.47123889803846897,
        -0.4991641660703783,
        -0.8360127117052838,
        -0.8220500776893291,
        -0.7923794804054255,
        -0.7906341511534313,
        -0.7627088831215221,
        -0.7347836150896127,
        0.8325220532012952,
        0.8098327729253689,
        0.7976154681614086,
        0.7627088831215221,
        0.7400196028455956,
        0.7225663103256524
    ],
    "description": "d_f_r.txt",
    "freq": [
        10.0,
        15.0,
        17.0,
        20.0,
        25.0,
        30.0,
        35.0,
        40.0,
        45.0,
        50.0,
        51.0,
        52.0,
        53.0,
        54.0,
        55.0,
        56.0,
        57.0,
        58.0,
        59.0,
        60.0,
        70.0,
        80.0,
        90.0,
        100.0,
        50.1,
        50.2,
        50.3,
        50.4,
        50.5,
        50.6,
        50.7,
        50.8,
        50.9,
        51.0,
        51.1,
        51.2,
        51.3,
        51.4,
        51.5,
        51.6,
        51.7,
        51.8,
        51.9,
        52.0,
        52.1,
        52.2,
        52.3,
        53.7,
        53.6,
        53.5,
        53.4,
        53.3,
        53.2,
        48.7,
        48.8,
        48.9,
        49.0,
        49.1,
        49.2
    ],
    "fsv_in": [
        1000.0,
        1000.0,
        1000.0,
        1000.0,
        1000.0,
        1000.0,
        1000.0,
        1000.0,
        1000.0,
        1000.0,
        1000.0,
        500.0,
        500.0,
        500.0,
        500.0,
        1000.0,
        1000.0,
        1000.0,
        1000.0,
        1000.0,
        1000.0,
        1000.0,
        1000.0,
        1000.0,
        500.0,
        500.0,
        500.0,
        500.0,
        500.0,
        500.0,
        500.0,
        500.0,
        500.0,
        500.0,
        500.0,
        500.0,
        500.0,
        500.0,
        500.0,
        500.0,
        500.0,
        500.0,
        500.0,
        500.0,
        500.0,
        500.0,
        500.0,
        500.0,
        500.0,
        500.0,
        500.0,
        500.0,
        500.0,
        500.0,
        500.0,
        500.0,
        500.0,
        500.0,
        500.0
    ],
    "fsv_out": [
        50.0,
        50.0,
        50.0,
        50.0,
        50.0,
        50.0,
        50.0,
        50.0,
        100.0,
        200.0,
        200.0,
        200.0,
        200.0,
        200.0,
        100.0,
        100.0,
        100.0,
        100.0,
        100.0,
        100.0,
        50.0,
        50.0,
        50.0,
        20.0,
        200.0,
        200.0,
        200.0,
        200.0,
        200.0,
        200.0,
        200.0,
        200.0,
        200.0,
        200.0,
        200.0,
        200.0,
        200.0,
        200.0,
        200.0,
        200.0,
        200.0,
        200.0,
        200.0,
        200.0,
        200.0,
        200.0,
        200.0,
        200.0,
        200.0,
        200.0,
        200.0,
        200.0,
        200.0,
        200.0,
        200.0,
        200.0,
        200.0,
        200.0,
        200.0
    ],
    "v_in": [
        7000.0,
        7000.0,
        7000.0,
        7000.0,
        7000.0,
        6920.0,
        6760.0,
        6440.0,
        5480.0,
        2860.0,
        2520.0,
        2680.0,
        3180.0,
        3720.0,
        4240.0,
        4680.0,
        5000.0,
        5400.0,
        5640.0,
        5880.0,
        6680.0,
        6840.0,
        6920.0,
        7000.0,
        2800.0,
        2760.0,
        2720.0,
        2680.0,
        2640.0,
        2620.0,
        2580.0,
        2580.0,
        2560.0,
        2520.0,
        2480.0,
        2460.0,
        2460.0,
        2500.0,
        2500.0,
        2540.0,
        2580.0,
        2640.0,
        2640.0,
        2700.0,
        2740.0,
        2780.0,
        2820.0,
        3560.0,
        3520.0,
        3480.0,
        3400.0,
        3340.0,
        3280.0,
        3760.0,
        3540.0,
        3500.0,
        3440.0,
        3340.0,
        3300.0
    ],
    "v_out": [
        46.0,
        74.0,
        86.0,
        104.0,
        104.0,
        190.0,
        266.0,
        388.0,
        612.0,
        880.0,
        888.0,
        880.0,
        856.0,
        816.0,
        764.0,
        716.0,
        668.0,
        620.0,
        580.0,
        540.0,
        320.0,
        232.0,
        182.0,
        148.0,
        880.0,
        880.0,
        880.0,
        888.0,
        888.0,
        888.0,
        888.0,
        888.0,
        888.0,
        896.0,
        888.0,
        888.0,
        888.0,
        888.0,
        888.0,
        888.0,
        888.0,
        888.0,
        888.0,
        880.0,
        880.0,
        880.0,
        872.0,
        832.0,
        832.0,
        840.0,
        840.0,
        840.0,
        848.0,
        872.0,
        832.0,
        832.0,
        848.0,
        848.0,
        848.0
    ]
}
