{
    "delta_phi": [
        0.0,
        0.0,
        0.0,
        -0.047123889803846894,
        -0.054977871437821374,
        -0.11309733552923257,
        -0.22514747350726852,
        -0.9232791743050003,
        -2.775073510670984,
        -2.949606435870417,
        -3.0019663134302466,
        -3.036872898470133,
        -3.07177948351002,
        -1.5585790220309361,
        -2.129301687433082,
        -0.5846852994181003,
        -0.7295476273336298,
        -1.1885692206081382,
        -1.8500490071139892,
        -2.356194490192345,
        -0.7958701389094144,
        -0.7627088831215221,
        -0.8587019919812102,
        -0.8691739674931761,
        -0.9738937226128358,
        -1.0192722831646883,
        -1.0786134777324956,
        -1.1222467090323538,
        -1.1885692206081382,
        -1.2688543661998775,
        -1.3089969389957472,
        -1.3962634015954636,
        -1.6388641676226756,
        -1.5952309363228172,
        -1.6702800941585736,
        -1.7383479349863522,
        -1.7976891295541593,
        -1.8500490071139892,
        -1.9198621771937625,
        -1.9547687622336491,
        -2.007128639793479,
        -2.0594885173533086,
        -2.1467549799530254,
        -2.199114857512855,
        -2.2689280275926285,
        -2.303834612632515,
        -2.356194490192345,
        -2.3736477827122884,
        -2.4085543677521746,
        -2.443460952792061,
        -2.4609142453120043,
        -2.478367537831948
    ],
    "description": "d_f_c.txt",
    "freq": [
        15.0,
        20.0,
        25.0,
        30.0,
        35.0,
        40.0,
        45.0,
        50.0,
        55.0,
        60.0,
        65.0,
        70.0,
        75.0,
        51.0,
        52.0,
        49.0,
        49.5,
        50.5,
        51.5,
        52.5,
        49.7,
        49.6,
        49.8,
        49.9,
        50.1,
        50.2,
        50.3,
        50.4,
        50.5,
        50.6,
        50.7,
        50.8,
        50.9,
        51.1,
        51.2,
        51.3,
        51.4,
        51.5,
        51.6,
        51.7,
        51.8,
        51.9,
        52.1,
        52.2,
        52.3,
        52.4,
        52.5,
        52.6,
        52.7,
        52.8,
        52.9,
        53.0
    ],
    "fsv_in": [
        1000.0,
        1000.0,
        1000.0,
        1000.0,
        1000.0,
        1000.0,
        1000.0,
        500.0,
        1000.0,
        1000.0,
        1000.0,
        1000.0,
        1000.0,
        500.0,
        500.0,
        500.0,
        500.0,
        500.0,
        500.0,
        500.0,
        500.0,
        500.0,
        500.0,
        500.0,
        500.0,
        500.0,
        500.0,
        500.0,
        500.0,
        500.0,
        500.0,
        500.0,
        500.0,
        500.0,
        500.0,
        500.0,
        500.0,
        500.0,
        500.0,
        500.0,
        500.0,
        500.0,
        500.0,
        500.0,
        500.0,
        500.0,
        500.0,
        500.0,
        500.0,
        500.0,
        500.0,
        500.0
    ],
    "fsv_out": [
        2000.0,
        2000.0,
        2000.0,
        2000.0,
        2000.0,
        5000.0,
        5000.0,
        5000.0,
        5000.0,
        2000.0,
        2000.0,
        1000.0,
        1000.0,
        5000.0,
        5000.0,
        5000.0,
        5000.0,
        5000.0,
        5000.0,
        5000.0,
        5000.0,
        5000.0,
        5000.0,
        5000.0,
        5000.0,
        5000.0,
        5000.0,
        5000.0,
        5000.0,
        5000.0,
        5000.0,
        5000.0,
        5000.0,
        5000.0,
        5000.0,
        5000.0,
        5000.0,
        5000.0,
        5000.0,
        5000.0,
        5000.0,
        5000.0,
        5000.0,
        5000.0,
        5000.0,
        5000.0,
        5000.0,
        5000.0,
        5000.0,
        5000.0,
        5000.0,
        5000.0
    ],
    "v_in": [
        7000.0,
        7000.0,
        7000.0,
        7000.0,
        6840.0,
        6520.0,
        5640.0,
        2340.0,
        4320.0,
        5960.0,
        6520.0,
        6760.0,
        6760.0,
        1880.0,
        2240.0,
        3180.0,
        2760.0,
        2060.0,
        1980.0,
        2600.0,
        2580.0,
        2660.0,
        2500.0,
        2480.0,
        2280.0,
        2200.0,
        2160.0,
        2080.0,
        2040.0,
        2000.0,
        1960.0,
        1920.0,
        1900.0,
        1880.0,
        1900.0,
        1900.0,
        1940.0,
        1980.0,
        2020.0,
        2080.0,
        2120.0,
        2160.0,
        2300.0,
        2400.0,
        2440.0,
        2520.0,
        2600.0,
        2660.0,
        2740.0,
        2800.0,
        2880.0,
        2960.0
    ],
    "v_out": [
        7680.0,
        8320.0,
        9200.0,
        10500.0,
        12800.0,
        16800.0,
        24400.0,
        33600.0,
        25600.0,
        15600.0,
        10600.0,
        7760.0,
        6000.0,
        33600.0,
        32400.0,
        32400.0,
        33000.0,
        33600.0,
        33200.0,
        31600.0,
        33200.0,
        33200.0,
        33600.0,
        33600.0,
        33600.0,
        33600.0,
        33600.0,
        33600.0,
        33600.0,
        33600.0,
        33600.0,
        33600.0,
        33600.0,
        33600.0,
        33400.0,
        33200.0,
        33200.0,
        33200.0,
        32800.0,
        32800.0,
        32800.0,
        32400.0,
        32400.0,
        32000.0,
        32000.0,
        31600.0,
        31600.0,
        31200.0,
        31200.0,
        30800.0,
        30800.0,
        30400.0
    ]
}
