{
    "delta_phi": [
        0.8325220532012952,
        0.8098327729253689,
        0.7976154681614086,
        0.7627088831215221,
        0.7400196028455956,
        0.7225663103256524
    ],
    "description": "fit_lineare_r_m",
    "freq": [
        48.7,
        48.8,
        48.9,
        49.0,
        49.1,
        49.2
    ],
    "fsv_in": [
        500.0,
        500.0,
        500.0,
        500.0,
        500.0,
        500.0
    ],
    "fsv_out": [
        200.0,
        200.0,
        200.0,
        200.0,
        200.0,
        200.0
    ],
    "v_in": [
        3760.0,
        3540.0,
        3500.0,
        3440.0,
        3340.0,
        3300.0
    ],
    "v_out": [
        872.0,
        832.0,
        832.0,
        848.0,
        848.0,
        848.0
    ]
}
