{
    "delta_phi": [
        -2.4609142453120043,
        -2.443460952792061,
        -2.4085543677521746,
        -2.3736477827122884,
        -2.356194490192345,
        -2.356194490192345,
        -2.303834612632515,
        -2.2689280275926285,
        -2.199114857512855,
        -2.1467549799530254,
        -2.129301687433082,
        -2.0594885173533086,
        -2.007128639793479
    ],
    "description": "fit_lineare_c_p",
    "freq": [
        52.9,
        52.8,
        52.7,
        52.6,
        52.5,
        52.5,
        52.4,
        52.3,
        52.2,
        52.1,
        52.0,
        51.9,
        51.8
    ],
    "fsv_in": [
        500.0,
        500.0,
        500.0,
        500.0,
        500.0,
        500.0,
        500.0,
        500.0,
        500.0,
        500.0,
        500.0,
        500.0,
        500.0
    ],
    "fsv_out": [
        5000.0,
        5000.0,
        5000.0,
        5000.0,
        5000.0,
        5000.0,
        5000.0,
        5000.0,
        5000.0,
        5000.0,
        5000.0,
        5000.0,
        5000.0
    ],
    "v_in": [
        2880.0,
        2800.0,
        2740.0,
        2660.0,
        2600.0,
        2600.0,
        2520.0,
        2440.0,
        2400.0,
        2300.0,
        2240.0,
        2160.0,
        2120.0
    ],
    "v_out": [
        30800.0,
        30800.0,
        31200.0,
        31200.0,
        31600.0,
        31600.0,
        31600.0,
        32000.0,
        32000.0,
        32400.0,
        32400.0,
        32400.0,
        32800.0
    ]
}
