{
    "delta_phi": [
        -0.8360127117052838,
        -0.8220500776893291,
        -0.7923794804054255,
        -0.7906341511534313,
        -0.7627088831215221,
        -0.7347836150896127
    ],
    "description": "fit_lineare_r_p",
    "freq": [
        53.7,
        53.6,
        53.5,
        53.4,
        53.3,
        53.2
    ],
    "fsv_in": [
        500.0,
        500.0,
        500.0,
        500.0,
        500.0,
        500.0
    ],
    "fsv_out": [
        200.0,
        200.0,
        200.0,
        200.0,
        200.0,
        200.0
    ],
    "v_in": [
        3560.0,
        3520.0,
        3480.0,
        3400.0,
        3340.0,
        3280.0
    ],
    "v_out": [
        832.0,
        832.0,
        840.0,
        840.0,
        840.0,
        848.0
    ]
}
