{
    "delta_phi": [
        -0.9232791743050003,
        -0.8691739674931761,
        -0.8587019919812102,
        -0.7958701389094144,
        -0.7627088831215221,
        -0.7295476273336298
    ],
    "description": "fit_lineare_c_m",
    "freq": [
        50.0,
        49.9,
        49.8,
        49.7,
        49.6,
        49.5
    ],
    "fsv_in": [
        500.0,
        500.0,
        500.0,
        500.0,
        500.0,
        500.0
    ],
    "fsv_out": [
        5000.0,
        5000.0,
        5000.0,
        5000.0,
        5000.0,
        5000.0
    ],
    "v_in": [
        2340.0,
        2480.0,
        2500.0,
        2580.0,
        2660.0,
        2760.0
    ],
    "v_out": [
        33600.0,
        33600.0,
        33600.0,
        33200.0,
        33200.0,
        33000.0
    ]
}
