{
    "description": "maxmin",
    "err_t_max": [
        0.016329931618554522,
        0.016329931618554522,
        0.016329931618554522,
        0.04082482904638631,
        0.04082482904638631,
        0.04082482904638631,
        0.08164965809277262,
        0.08164965809277262,
        0.08164965809277262
    ],
    "err_t_p": [
        0.016329931618554522,
        0.016329931618554522,
        0.016329931618554522,
        0.016329931618554522,
        0.016329931618554522,
        0.016329931618554522,
        0.016329931618554522,
        0.016329931618554522,
        0.016329931618554522
    ],
    "err_v_max": [
        0.48259299621938156,
        0.28066171808780765,
        0.1876459432015518,
        0.07136049327183774,
        0.043288797627099786,
        0.03174901573277509,
        0.027046626407003147,
        0.024631686909345044,
        0.02424871130596428
    ],
    "fst_max": [
        1.0,
        1.0,
        1.0,
        2.5,
        2.5,
        2.5,
        5.0,
        5.0,
        5.0
    ],
    "fst_p": [
        1.0,
        1.0,
        1.0,
        1.0,
        1.0,
        1.0,
        1.0,
        1.0,
        1.0
    ],
    "fsv_max": [
        11.0,
        11.0,
        11.0,
        2.0,
        2.0,
        2.0,
        2.0,
        2.0,
        2.0
    ],
    "fsv_p": [
        5.0,
        5.0,
        5.0,
        5.0,
        5.0,
        2.0,
        2.0,
        2.0,
        2.0
    ],
    "n_max": [
        1.0,
        2.0,
        3.0,
        4.0,
        5.0,
        6.0,
        7.0,
        8.0,
        9.0
    ],
    "t_max": [
        19.04,
        38.6,
        58.08,
        77.7,
        97.2,
        116.8,
        136.4,
        155.8,
        175.4
    ],
    "t_p": [
        14.48,
        34.0,
        53.52,
        73.08,
        92.64,
        111.9,
        131.4,
        150.9,
        170.2
    ],
    "v_max": [
        53.6,
        28.6,
        15.4,
        7.76,
        4.16,
        2.4,
        1.44,
        0.64,
        0.4
    ]
}
