{
    "description": "maxmin",
    "err_t_m": [
        0.016329931618554522,
        0.016329931618554522,
        0.016329931618554522,
        0.016329931618554522,
        0.016329931618554522,
        0.016329931618554522,
        0.016329931618554522,
        0.016329931618554522,
        0.016329931618554522
    ],
    "err_t_min": [
        0.016329931618554522,
        0.016329931618554522,
        0.016329931618554522,
        0.04082482904638631,
        0.04082482904638631,
        0.04082482904638631,
        0.08164965809277262,
        0.08164965809277262,
        0.08164965809277262
    ],
    "err_v_min": [
        0.6458320215040441,
        0.3529688371513836,
        0.21298063292233876,
        0.08986656775464388,
        0.0492048778069817,
        0.03314694556063952,
        0.027046626407003147,
        0.024796773983726192,
        0.0241594701928664
    ],
    "fst_m": [
        1.0,
        1.0,
        1.0,
        1.0,
        1.0,
        1.0,
        1.0,
        1.0,
        1.0
    ],
    "fst_min": [
        1.0,
        1.0,
        1.0,
        2.5,
        2.5,
        2.5,
        5.0,
        5.0,
        5.0
    ],
    "fsv_m": [
        5.0,
        5.0,
        5.0,
        5.0,
        5.0,
        2.0,
        2.0,
        2.0,
        2.0
    ],
    "fsv_min": [
        11.0,
        11.0,
        11.0,
        2.0,
        2.0,
        2.0,
        2.0,
        2.0,
        2.0
    ],
    "n_min": [
        0.5,
        1.5,
        2.5,
        3.5,
        4.5,
        5.5,
        6.5,
        7.5,
        8.5
    ],
    "t_m": [
        4.68,
        24.24,
        43.79,
        63.28,
        82.84,
        102.4,
        121.9,
        141.7,
        161.7
    ],
    "t_min": [
        9.28,
        28.88,
        48.4,
        67.84,
        87.4,
        106.9,
        126.4,
        146.2,
        165.4
    ],
    "v_min": [
        -73.0,
        -37.8,
        -19.3,
        -10.0,
        -4.96,
        -2.64,
        -1.44,
        -0.72,
        -0.32
    ]
}
