{
    "a_description": "passa_basso",
    "delta tempo": [
        20.8,
        20.8,
        20.6,
        20.4,
        20.4,
        20.2,
        20.2,
        20.2,
        20.0,
        19.8,
        20.6,
        20.6,
        21.0,
        21.0,
        21.2,
        21.6,
        21.6,
        40.0,
        32.0,
        30.0,
        24.0,
        26.0,
        26.0,
        25.2,
        24.4,
        25.2,
        24.0,
        23.6,
        23.2,
        22.8,
        22.0,
        21.6,
        19.2,
        19.2,
        18.8,
        18.8,
        16.8,
        13.8,
        12.4,
        10.3,
        7.7,
        3.7,
        2.4
    ],
    "err_sfasamento": [
        0.003026817599182,
        0.003078119592388474,
        0.0031294215855949483,
        0.0031807235788014233,
        0.003232025572007898,
        0.0032833275652143726,
        0.0033346295584208473,
        0.003385931551627321,
        0.0034372335448337957,
        0.0034885355380402704,
        0.0029755156059755247,
        0.0029242136127690505,
        0.002872911619562576,
        0.002821609626356101,
        0.002770307633149627,
        0.0026677036467366777,
        0.002616401653530203,
        0.0010260398641294916,
        0.001539059796194237,
        0.002565099660323729,
        0.002052079728258983,
        0.003078119592388474,
        0.004104159456517966,
        0.0022572877010848813,
        0.0026677036467366777,
        0.0029755156059755247,
        0.0032833275652143726,
        0.0036937435108661694,
        0.004104159456517965,
        0.004309367429343864,
        0.0047197833749956595,
        0.005130199320647457,
        0.007387487021732339,
        0.007592694994558236,
        0.0077979029673841335,
        0.00820831891303593,
        0.010260398641294913,
        0.006156239184776948,
        0.007695298980971185,
        0.010260398641294913,
        0.01446716208422583,
        0.032371557713285454,
        0.05130199320647457
    ],
    "err_vout_vin": [
        0.015611924217654203,
        0.015227816123313368,
        0.01508793383455394,
        0.01494807442747437,
        0.01494807442747437,
        0.014668426876294077,
        0.014668426876294077,
        0.01452864010386464,
        0.014388878958871745,
        0.014388878958871745,
        0.015507646868998992,
        0.015507646868998992,
        0.015647594142619528,
        0.01578756192937049,
        0.015927549688457304,
        0.016457554833908684,
        0.01634762766856353,
        0.02139604773610682,
        0.021256485979474497,
        0.021256485979474497,
        0.021257980949641285,
        0.020837849160030744,
        0.02055879996674187,
        0.02000754883556558,
        0.019582415146703655,
        0.01930353668288399,
        0.018622357356884254,
        0.018188468063578468,
        0.017631230460758537,
        0.017608787187286347,
        0.017048111710768504,
        0.016627770411156314,
        0.013830106189932906,
        0.013550894660084382,
        0.01341133579458608,
        0.012853436756405715,
        0.010924153220140934,
        0.009721585315030114,
        0.008009172310291315,
        0.006257255506191848,
        0.004375322756072115,
        0.002129613279188356,
        0.0013816874065861722
    ],
    "fondo scala tempo": [
        5.0,
        5.0,
        5.0,
        5.0,
        5.0,
        5.0,
        5.0,
        5.0,
        5.0,
        5.0,
        5.0,
        5.0,
        5.0,
        5.0,
        5.0,
        5.0,
        5.0,
        100.0,
        50.0,
        50.0,
        25.0,
        25.0,
        25.0,
        10.0,
        10.0,
        10.0,
        10.0,
        10.0,
        10.0,
        10.0,
        10.0,
        10.0,
        10.0,
        10.0,
        10.0,
        10.0,
        10.0,
        5.0,
        5.0,
        5.0,
        5.0,
        5.0,
        5.0
    ],
    "fondo scala voltaggio": [
        0.5,
        0.5,
        0.5,
        0.5,
        0.5,
        0.5,
        0.5,
        0.5,
        0.5,
        0.5,
        0.5,
        0.5,
        0.5,
        0.5,
        0.5,
        0.5,
        0.5,
        0.5,
        0.5,
        0.5,
        0.5,
        0.5,
        0.5,
        0.5,
        0.5,
        0.5,
        0.5,
        0.5,
        0.5,
        0.5,
        0.5,
        0.5,
        0.5,
        0.5,
        0.5,
        0.5,
        0.2,
        0.2,
        0.2,
        0.2,
        0.2,
        0.2,
        0.2
    ],
    "frequenza": [
        5.9,
        6.0,
        6.1,
        6.2,
        6.3,
        6.4,
        6.5,
        6.6,
        6.7,
        6.8,
        5.8,
        5.7,
        5.6,
        5.5,
        5.4,
        5.2,
        5.1,
        0.1,
        0.3,
        0.5,
        0.8,
        1.2,
        1.6,
        2.2,
        2.6,
        2.9,
        3.2,
        3.6,
        4.0,
        4.2,
        4.6,
        5.0,
        7.2,
        7.4,
        7.6,
        8.0,
        10.0,
        12.0,
        15.0,
        20.0,
        28.2,
        63.1,
        100.0
    ],
    "sfasamento": [
        0.7710725008970789,
        0.7841415263360123,
        0.7895450657001868,
        0.794697277652074,
        0.8075149756787202,
        0.8122901965121768,
        0.8249822308326797,
        0.8376742651531824,
        0.8419468311620647,
        0.8459680697586596,
        0.750714980501817,
        0.7377716187690271,
        0.7389025921243193,
        0.7257079029792421,
        0.719299053965919,
        0.7057273737024112,
        0.6921556934389032,
        0.025132741228718346,
        0.06031857894892403,
        0.09424777960769379,
        0.12063715789784805,
        0.19603538158400308,
        0.2613805087786708,
        0.3483397934300363,
        0.39860527588747297,
        0.45917518224868414,
        0.4825486315913922,
        0.5338194236979776,
        0.5830795965062656,
        0.6016778250155173,
        0.6358583530865741,
        0.6785840131753954,
        0.868587536864506,
        0.8927149684440756,
        0.8977415166898193,
        0.9449910701998098,
        1.0555751316061706,
        1.0404954868689396,
        1.168672467135403,
        1.2943361732789949,
        1.3643308576009754,
        1.466935273667218,
        1.5079644737231008
    ],
    "unit misura tempo": "us",
    "unit misura volt": "mV",
    "voltaggio ingresso": [
        3.0,
        3.02,
        3.02,
        3.02,
        3.02,
        3.02,
        3.02,
        3.02,
        3.02,
        3.02,
        3.02,
        3.02,
        3.02,
        3.02,
        3.02,
        3.0,
        3.02,
        3.04,
        3.04,
        3.04,
        3.02,
        3.04,
        3.04,
        3.06,
        3.04,
        3.04,
        3.06,
        3.04,
        3.04,
        3.02,
        3.02,
        3.02,
        3.02,
        3.02,
        3.02,
        3.02,
        3.02,
        2.98,
        3.01,
        3.01,
        3.01,
        3.01,
        3.01
    ],
    "voltaggio uscita": [
        2.18,
        2.14,
        2.12,
        2.1,
        2.1,
        2.06,
        2.06,
        2.04,
        2.02,
        2.02,
        2.18,
        2.18,
        2.2,
        2.22,
        2.24,
        2.3,
        2.3,
        3.04,
        3.02,
        3.02,
        3.0,
        2.96,
        2.92,
        2.86,
        2.78,
        2.74,
        2.66,
        2.58,
        2.5,
        2.48,
        2.4,
        2.34,
        1.94,
        1.9,
        1.88,
        1.8,
        1.55,
        1.36,
        1.13,
        0.88,
        0.61,
        0.28,
        0.16
    ],