{
    "a_description": "passa_alto",
    "delta tempo": [
        21.4,
        20.7,
        20.4,
        19.8,
        19.2,
        18.7,
        18.3,
        17.8,
        17.2,
        16.9,
        21.7,
        22.6,
        23.3,
        23.8,
        24.6,
        26.2,
        27.0,
        2472.2,
        819.4,
        475.6,
        16.2,
        15.4,
        14.0,
        8.7,
        6.2,
        4.1,
        1.8,
        0.6,
        0.2,
        0.1
    ],
    "err_sfasamento": [
        0.003026817599182,
        0.003078119592388474,
        0.0031294215855949483,
        0.0031807235788014233,
        0.003232025572007898,
        0.0032833275652143726,
        0.0033346295584208473,
        0.003385931551627321,
        0.0034372335448337957,
        0.0034885355380402704,
        0.0029755156059755247,
        0.0029242136127690505,
        0.002872911619562576,
        0.002821609626356101,
        0.002770307633149627,
        0.0026677036467366777,
        0.002616401653530203,
        0.0010260398641294916,
        0.001539059796194237,
        0.002565099660323729,
        0.00718227904890644,
        0.007387487021732339,
        0.0077979029673841335,
        0.010260398641294913,
        0.006156239184776948,
        0.007849204960590609,
        0.011953364417108574,
        0.018930435493189117,
        0.04083638659235375,
        0.05130199320647457
    ],
    "err_vout_vin": [
        0.01494807442747437,
        0.01508793383455394,
        0.015227816123313368,
        0.015227816123313368,
        0.015367720668921859,
        0.015507646868998992,
        0.015647594142619528,
        0.01578756192937049,
        0.01578756192937049,
        0.015927549688457304,
        0.01494807442747437,
        0.014808238550406647,
        0.014668426876294077,
        0.01452864010386464,
        0.014388878958871745,
        0.014109436597289774,
        0.013969756979539049,
        0.00059609749046468,
        0.0011843927546043677,
        0.001802520376115544,
        0.01620758305350968,
        0.01634762766856353,
        0.016627770411156314,
        0.018169693185066366,
        0.018871118537260718,
        0.019700040513536184,
        0.02069168015409088,
        0.020905188098164898,
        0.020905589439765407,
        0.02097636198158077
    ],
    "fondo scala tempo": [
        5.0,
        5.0,
        5.0,
        5.0,
        5.0,
        5.0,
        5.0,
        5.0,
        5.0,
        5.0,
        5.0,
        5.0,
        5.0,
        5.0,
        5.0,
        5.0,
        5.0,
        100.0,
        50.0,
        50.0,
        10.0,
        10.0,
        10.0,
        10.0,
        5.0,
        5.0,
        5.0,
        5.0,
        5.0,
        5.0
    ],
    "fondo scala voltaggio": [
        0.5,
        0.5,
        0.5,
        0.5,
        0.5,
        0.5,
        0.5,
        0.5,
        0.5,
        0.5,
        0.5,
        0.5,
        0.5,
        0.5,
        0.5,
        0.5,
        0.5,
        0.1,
        0.1,
        0.1,
        0.5,
        0.5,
        0.5,
        0.5,
        0.5,
        0.5,
        0.5,
        0.5,
        0.5,
        0.5
    ],
    "frequenza": [
        5.9,
        6.0,
        6.1,
        6.2,
        6.3,
        6.4,
        6.5,
        6.6,
        6.7,
        6.8,
        5.8,
        5.7,
        5.6,
        5.5,
        5.4,
        5.2,
        5.1,
        0.1,
        0.3,
        0.5,
        7.0,
        7.2,
        7.6,
        10.0,
        12.0,
        15.3,
        23.3,
        36.9,
        79.6,
        100.0
    ],
    "sfasamento": [
        0.7933149768844946,
        0.7803716151517045,
        0.7818795796254276,
        0.7713238283093661,
        0.7600140947564427,
        0.7519716175632528,
        0.7473848922890118,
        0.7381486098874578,
        0.7240742747993756,
        0.722063655501078,
        0.7908017027616226,
        0.8093999312708744,
        0.8198300188807924,
        0.8224689567098078,
        0.8346583362057363,
        0.8560211662501469,
        0.8651946167986289,
        1.5533290716409371,
        1.5445326122108858,
        1.4941414660473056,
        0.7125132138341651,
        0.6966795868600725,
        0.668530916683908,
        0.546637121724624,
        0.4674689868541612,
        0.3941442143193754,
        0.2635167917831118,
        0.13910972270095603,
        0.10002831009029901,
        0.06283185307179587
    ],
    "unit misura tempo": "us",
    "unit misura volt": "mV",
    "voltaggio ingresso": [
        3.02,
        3.02,
        3.02,
        3.02,
        3.02,
        3.02,
        3.02,
        3.02,
        3.02,
        3.02,
        3.02,
        3.02,
        3.02,
        3.02,
        3.02,
        3.02,
        3.02,
        3.04,
        3.04,
        3.04,
        3.02,
        3.02,
        3.02,
        3.02,
        3.02,
        2.99,
        2.98,
        2.98,
        2.99,
        2.98
    ],
    "voltaggio uscita": [
        2.1,
        2.12,
        2.14,
        2.14,
        2.16,
        2.18,
        2.2,
        2.22,
        2.22,
        2.24,
        2.1,
        2.08,
        2.06,
        2.04,
        2.02,
        1.98,
        1.96,
        0.064,
        0.16,
        0.252,
        2.28,
        2.3,
        2.34,
        2.56,
        2.66,
        2.75,
        2.88,
        2.91,
        2.92,
        2.92
    ],
    "vout_vin": [
        0.695364238410596,
        0.7019867549668874,
        0.7086092715231789,
        0.7086092715231789,
        0.7152317880794702,
        0.7218543046357616,
        0.728476821192053,
        0.7350993377483445,
        0.7350993377483445,
        0.7417218543046358,
        0.695364238410596,
        0.6887417218543046,
        0.6821192052980133,
        0.6754966887417219,
        0.6688741721854304,
        0.6556291390728477,
        0.6490066225165563,
        0.021052631578947368,
        0.05263157894736842,
        0.08289473684210526,
        0.7549668874172185,
        0.7615894039735098,
        0.7748344370860927,
        0.847682119205298,
        0.880794701986755,
        0.9197324414715718,
        0.9664429530201342,
        0.976510067114094,
        0.9765886287625417,
        0.9798657718120806
    ]
}
