{
    "a_description": "scarica_c",
    "err_ln_v": [
        0.008821184207066884,
        0.008830411772126548,
        0.008836258195468393,
        0.008842805278641534,
        0.008846828002928662,
        0.008851407968952622,
        0.008858823729906304,
        0.008863853633412947,
        0.00886859334125251,
        0.008882777379443985,
        0.008900827678319337,
        0.008914536005123088,
        0.00894112159540873,
        0.008949593793945864,
        0.008962614417349028,
        0.008981994171551119,
        0.009003286710842499,
        0.009020119616728646,
        0.009045350487405119,
        0.009065392649035728,
        0.009102917652516713,
        0.009147569220899555,
        0.009176157304773015,
        0.009219720440300554,
        0.009254928200693943,
        0.00930897087647625,
        0.009338766268871935,
        0.009385864312705291,
        0.009437978279649427,
        0.009499663523529553,
        0.009564579248901108,
        0.009637209593370041,
        0.00969226000476669,
        0.00981703879263254,
        0.00992229981231658,
        0.010050373127401788,
        0.010134847313740883,
        0.010296820858711035,
        0.010415953046326896,
        0.01053565375285274,
        0.010845034993027917,
        0.010942411123387187,
        0.011138227159510064,
        0.011470025716822655,
        0.011737261783193578,
        0.012043422423407685,
        0.012197502128376333,
        0.012574796040451043,
        0.012766027672874198,
        0.013238034194109058,
        0.013529746438991226,
        0.01414035082613609,
        0.01445573628194518,
        0.01525119842026973,
        0.01566713553908308,
        0.01621979138747047,
        0.016731462227039442,
        0.018056944832082367,
        0.018785400817288814,
        0.019671252418146424,
        0.02066121608662857,
        0.021794494717703373,
        0.023128078887712962,
        0.0246545273612629,
        0.026486500019396748,
        0.028632098038118885,
        0.028632098038118885,
        0.031224989991991994,
        0.034479550996754364,
        0.03850381021033421,
        0.03850381021033421
    ],
    "err_ln_v_v0": [
        0.0023402381962112735,
        0.002374783372291283,
        0.0023964312835928155,
        0.0024204605338593276,
        0.002435115954816674,
        0.002451702884290424,
        0.0024783425666261355,
        0.0024962622527626983,
        0.0025130403603023125,
        0.0025626466734143738,
        0.0026245299310801514,
        0.002670650891942989,
        0.002758093432769158,
        0.0027854358862903945,
        0.00282699154474728,
        0.0028878440570394817,
        0.0029534040694820505,
        0.0030043271959114123,
        0.0030792514415032756,
        0.003137637308739014,
        0.0032444620183476294,
        0.0033677064377924705,
        0.0034446025724224226,
        0.003559026411435554,
        0.0036492629392796574,
        0.003784225519057103,
        0.003856939126382503,
        0.0039696187344019284,
        0.004091314948416263,
        0.004231670008433778,
        0.004375454285958167,
        0.004532023030230929,
        0.004647938037452737,
        0.004902823131222677,
        0.0051103285183535544,
        0.005354757137349929,
        0.005511674343866915,
        0.005804131614323255,
        0.006012944525212798,
        0.006217991958824006,
        0.0067289083810080225,
        0.006884750191054693,
        0.007191907136278084,
        0.0076957724722455925,
        0.008088679630645322,
        0.008526866227908063,
        0.008743139148597897,
        0.009262230803588477,
        0.009520235634929935,
        0.010144406011413415,
        0.010522236582751582,
        0.011296589993719677,
        0.011688957842902258,
        0.012659481713499881,
        0.013157604645223234,
        0.01381104835459862,
        0.01440851318682284,
        0.015928486452543633,
        0.016749767397375857,
        0.017737575812337814,
        0.018829478861040184,
        0.020066475126439127,
        0.021507474445789168,
        0.023141070489656714,
        0.02508382162425622,
        0.02733972315266655,
        0.02733972315266655,
        0.03004435760671212,
        0.033414111703557,
        0.037552720603352255,
        0.037552720603352255
    ],
    "err_v_v0": [
        0.002277051764913569,
        0.0022465450701875537,
        0.0022286810937413187,
        0.002209880467413566,
        0.002198909707199457,
        0.002186918972787058,
        0.002168549745797869,
        0.0021567705863869717,
        0.002146136467698175,
        0.002116746152240273,
        0.00208387676527764,
        0.0020617424885799878,
        0.002024440579652562,
        0.0020138701457879556,
        0.001998683022136327,
        0.001978173179072045,
        0.0019581068980665996,
        0.0019437996957546836,
        0.0019245321509395474,
        0.0019108211210220596,
        0.0018882768946783205,
        0.0018657093665370287,
        0.0018531961839632633,
        0.001836457628300746,
        0.0018246314696398287,
        0.0018088597981092954,
        0.0018011905720206288,
        0.0017902980492152697,
        0.0017797220025610743,
        0.001768838063525319,
        0.0017589326229551833,
        0.0017493608896691389,
        0.0017429767640447765,
        0.0017306965653216052,
        0.001722180710685148,
        0.0017135222839519773,
        0.001708619046598744,
        0.001700610562996714,
        0.0016956503561100088,
        0.0016912938128001297,
        0.0016822270952520058,
        0.0016798790466173452,
        0.0016757143627527935,
        0.0016699826264772938,
        0.0016662680039129362,
        0.0016627389144420722,
        0.0016611964382336007,
        0.0016579393138423373,
        0.001656521000477809,
        0.0016535381798603868,
        0.0016519911434919982,
        0.001649302139083073,
        0.0016481430558492186,
        0.0016457326227549847,
        0.0016447005806529043,
        0.001643514754197236,
        0.001642570503297804,
        0.0016406341046119944,
        0.0016398022282030965,
        0.0016389520050600142,
        0.0016381646609104961,
        0.0016374243703174327,
        0.0016367188053245554,
        0.0016360736836187302,
        0.0016354651699015054,
        0.0016349154445294597,
        0.0016349154445294597,
        0.001634413053805139,
        0.0016339500623039373,
        0.0016335433462458231,
        0.0016335433462458231
    ],